--
-- PostgreSQL database dump
--

-- Dumped from database version 16.1
-- Dumped by pg_dump version 16.1

-- Started on 2024-12-16 01:20:12

SET statement_timeout = 0;
SET lock_timeout = 0;
SET idle_in_transaction_session_timeout = 0;
SET client_encoding = 'UTF8';
SET standard_conforming_strings = on;
SELECT pg_catalog.set_config('search_path', '', false);
SET check_function_bodies = false;
SET xmloption = content;
SET client_min_messages = warning;
SET row_security = off;

SET default_tablespace = '';

SET default_table_access_method = heap;

--
-- TOC entry 217 (class 1259 OID 49394)
-- Name: Commands; Type: TABLE; Schema: public; Owner: postgres
--

CREATE TABLE public."Commands" (
    "Id" integer NOT NULL,
    "Title" text NOT NULL
);


ALTER TABLE public."Commands" OWNER TO postgres;

--
-- TOC entry 216 (class 1259 OID 49393)
-- Name: Commands_Id_seq; Type: SEQUENCE; Schema: public; Owner: postgres
--

ALTER TABLE public."Commands" ALTER COLUMN "Id" ADD GENERATED BY DEFAULT AS IDENTITY (
    SEQUENCE NAME public."Commands_Id_seq"
    START WITH 1
    INCREMENT BY 1
    NO MINVALUE
    NO MAXVALUE
    CACHE 1
);


--
-- TOC entry 219 (class 1259 OID 49402)
-- Name: Countries; Type: TABLE; Schema: public; Owner: postgres
--

CREATE TABLE public."Countries" (
    "Id" integer NOT NULL,
    "Title" text NOT NULL
);


ALTER TABLE public."Countries" OWNER TO postgres;

--
-- TOC entry 218 (class 1259 OID 49401)
-- Name: Countries_Id_seq; Type: SEQUENCE; Schema: public; Owner: postgres
--

ALTER TABLE public."Countries" ALTER COLUMN "Id" ADD GENERATED BY DEFAULT AS IDENTITY (
    SEQUENCE NAME public."Countries_Id_seq"
    START WITH 1
    INCREMENT BY 1
    NO MINVALUE
    NO MAXVALUE
    CACHE 1
);


--
-- TOC entry 221 (class 1259 OID 49410)
-- Name: Players; Type: TABLE; Schema: public; Owner: postgres
--

CREATE TABLE public."Players" (
    "Id" integer NOT NULL,
    "Name" text NOT NULL,
    "Surname" text NOT NULL,
    "Sex" integer NOT NULL,
    "BirthDate" timestamp without time zone NOT NULL,
    "CommandId" integer NOT NULL,
    "CountryId" integer NOT NULL
);


ALTER TABLE public."Players" OWNER TO postgres;

--
-- TOC entry 220 (class 1259 OID 49409)
-- Name: Players_Id_seq; Type: SEQUENCE; Schema: public; Owner: postgres
--

ALTER TABLE public."Players" ALTER COLUMN "Id" ADD GENERATED BY DEFAULT AS IDENTITY (
    SEQUENCE NAME public."Players_Id_seq"
    START WITH 1
    INCREMENT BY 1
    NO MINVALUE
    NO MAXVALUE
    CACHE 1
);


--
-- TOC entry 215 (class 1259 OID 49388)
-- Name: __EFMigrationsHistory; Type: TABLE; Schema: public; Owner: postgres
--

CREATE TABLE public."__EFMigrationsHistory" (
    "MigrationId" character varying(150) NOT NULL,
    "ProductVersion" character varying(32) NOT NULL
);


ALTER TABLE public."__EFMigrationsHistory" OWNER TO postgres;

--
-- TOC entry 4805 (class 0 OID 49394)
-- Dependencies: 217
-- Data for Name: Commands; Type: TABLE DATA; Schema: public; Owner: postgres
--

COPY public."Commands" ("Id", "Title") FROM stdin;
1	Зенит
2	Локомотив
3	Даллас
4	Милан
6	РКС
7	FIFA
\.


--
-- TOC entry 4807 (class 0 OID 49402)
-- Dependencies: 219
-- Data for Name: Countries; Type: TABLE DATA; Schema: public; Owner: postgres
--

COPY public."Countries" ("Id", "Title") FROM stdin;
1	Россия
2	США
3	Италия
\.


--
-- TOC entry 4809 (class 0 OID 49410)
-- Dependencies: 221
-- Data for Name: Players; Type: TABLE DATA; Schema: public; Owner: postgres
--

COPY public."Players" ("Id", "Name", "Surname", "Sex", "BirthDate", "CommandId", "CountryId") FROM stdin;
5	Альваро	Мората	0	1992-10-23 03:00:00	4	3
6	Ангелина	Иванова	1	1999-02-10 00:00:00	1	1
12	Михаил	Кержаков	0	1987-01-27 00:00:00	3	2
3	Илья	Самошников	0	1997-11-14 03:00:00	1	1
1	Александр	Соболев	0	1997-03-07 03:00:00	1	1
4	Хесуси	Феррейр	0	2000-12-24 03:00:00	3	3
\.


--
-- TOC entry 4803 (class 0 OID 49388)
-- Dependencies: 215
-- Data for Name: __EFMigrationsHistory; Type: TABLE DATA; Schema: public; Owner: postgres
--

COPY public."__EFMigrationsHistory" ("MigrationId", "ProductVersion") FROM stdin;
20241128224610_InitCreate	9.0.0
20241129214326_SetData	9.0.0
20241129215325_SetData2	9.0.0
20241129220156_SetData3	9.0.0
20241215205545_CascadeDelPlayerWhenDelCommand	9.0.0
\.


--
-- TOC entry 4815 (class 0 OID 0)
-- Dependencies: 216
-- Name: Commands_Id_seq; Type: SEQUENCE SET; Schema: public; Owner: postgres
--

SELECT pg_catalog.setval('public."Commands_Id_seq"', 10, true);


--
-- TOC entry 4816 (class 0 OID 0)
-- Dependencies: 218
-- Name: Countries_Id_seq; Type: SEQUENCE SET; Schema: public; Owner: postgres
--

SELECT pg_catalog.setval('public."Countries_Id_seq"', 4, false);


--
-- TOC entry 4817 (class 0 OID 0)
-- Dependencies: 220
-- Name: Players_Id_seq; Type: SEQUENCE SET; Schema: public; Owner: postgres
--

SELECT pg_catalog.setval('public."Players_Id_seq"', 26, true);


--
-- TOC entry 4651 (class 2606 OID 49400)
-- Name: Commands PK_Commands; Type: CONSTRAINT; Schema: public; Owner: postgres
--

ALTER TABLE ONLY public."Commands"
    ADD CONSTRAINT "PK_Commands" PRIMARY KEY ("Id");


--
-- TOC entry 4653 (class 2606 OID 49408)
-- Name: Countries PK_Countries; Type: CONSTRAINT; Schema: public; Owner: postgres
--

ALTER TABLE ONLY public."Countries"
    ADD CONSTRAINT "PK_Countries" PRIMARY KEY ("Id");


--
-- TOC entry 4657 (class 2606 OID 49416)
-- Name: Players PK_Players; Type: CONSTRAINT; Schema: public; Owner: postgres
--

ALTER TABLE ONLY public."Players"
    ADD CONSTRAINT "PK_Players" PRIMARY KEY ("Id");


--
-- TOC entry 4649 (class 2606 OID 49392)
-- Name: __EFMigrationsHistory PK___EFMigrationsHistory; Type: CONSTRAINT; Schema: public; Owner: postgres
--

ALTER TABLE ONLY public."__EFMigrationsHistory"
    ADD CONSTRAINT "PK___EFMigrationsHistory" PRIMARY KEY ("MigrationId");


--
-- TOC entry 4654 (class 1259 OID 49427)
-- Name: IX_Players_CommandId; Type: INDEX; Schema: public; Owner: postgres
--

CREATE INDEX "IX_Players_CommandId" ON public."Players" USING btree ("CommandId");


--
-- TOC entry 4655 (class 1259 OID 49428)
-- Name: IX_Players_CountryId; Type: INDEX; Schema: public; Owner: postgres
--

CREATE INDEX "IX_Players_CountryId" ON public."Players" USING btree ("CountryId");


--
-- TOC entry 4658 (class 2606 OID 65803)
-- Name: Players FK_Players_Commands_CommandId; Type: FK CONSTRAINT; Schema: public; Owner: postgres
--

ALTER TABLE ONLY public."Players"
    ADD CONSTRAINT "FK_Players_Commands_CommandId" FOREIGN KEY ("CommandId") REFERENCES public."Commands"("Id") ON DELETE CASCADE;


--
-- TOC entry 4659 (class 2606 OID 49422)
-- Name: Players FK_Players_Countries_CountryId; Type: FK CONSTRAINT; Schema: public; Owner: postgres
--

ALTER TABLE ONLY public."Players"
    ADD CONSTRAINT "FK_Players_Countries_CountryId" FOREIGN KEY ("CountryId") REFERENCES public."Countries"("Id") ON DELETE CASCADE;


-- Completed on 2024-12-16 01:20:19

--
-- PostgreSQL database dump complete
--

